Anzahl Module;Lynx Home F Plus+ LX F6.6-H Serie Speicherturm;Lynx Home F Plus+ LX F9.8-H Serie Speicherturm;Lynx Home F Plus+ LX F13.1-H Serie Speicherturm;Lynx Home F Plus+ LX F16.4-H Serie Speicherturm;Lynx Big-Battery GW60KW-D-10C Serie;PowerOcean LiFePO4 5,1 kWh Speicherturm;PowerOcean LiFePO4 10,2 kWh Speicherturm;PowerOcean LiFePO4 15,3 kWh Speicherturm;Vitocharge VX3 A5 5,0 kWh Speicherturm;Vitocharge VX3 A10 10,0 kWh Speicherturm;Vitocharge VX3 A15 15,0 kWh Speicherturm;SBH-100 10 kWh LiFePO4 Stromspeicher;SBH-150 15 kWh LiFePO4 Stromspeicher;SBH-200 20 kWh LiFePO4 Stromspeicher;SBH-250 25 kWh LiFePO4 Stromspeicher;SBH-300 30 kWh LiFePO4 Stromspeicher;SBH-350 35 kWh LiFePO4 Stromspeicher;SBH-400 40 kWh LiFePO4 Stromspeicher;LUNA2000-5-SO 5 kWh Stromspeicher;LUNA2000-10-SO 10 kWh Stromspeicher;LUNA2000-15-SO 15 kWh Stromspeicher;LUNA2000-20-SO 20 kWh Stromspeicher;LUNA2000-25-SO 25 kWh Stromspeicher;LUNA2000-30-SO 30 kWh Stromspeicher;ECS4100 -H2 8,06 kWh Stromspeicher;ECS4100 -H3 12,09 kWh Stromspeicher;ECS4100 -H4 16,12 kWh Stromspeicher;ECS4100 -H5 20,15 kWh Stromspeicher;ECS4100 -H6 24,18 kWh Stromspeicher;ECS4100 -H7 28,21 kWh Stromspeicher;LUNA2000-7-S1-7kWh Stromspeicher;LUNA2000-14-S1-14kWh Stromspeicher;LUNA2000-21-S1-21kWh Stromspeicher;Storion SMILE-G3-T10 3,65 kWh;Storion SMILE-G3-T10 7,30 kWh;Storion SMILE-G3-T10 10,95 kWh;Storion SMILE-G3-T10 14,60 kWh;Storion SMILE-G3-T10 18,25 kWh;Storion SMILE-G3-T10 21,90 kWh;Ohne Speicher
7,00;13711,80;14311,80;14911,80;15511,80;23911,80;15100,00;17600,00;20100,00;14211,80;16911,80;19611,80;14161,80;16061,80;17961,80;19861,80;21761,80;23661,80;25561,80;16011,80;18311,80;20611,80;22911,80;25211,80;27511,80;15411,80;17111,80;18811,80;20511,80;22211,80;23911,80;18311,80;21211,80;24111,80;14501,00;15687,85;16874,70;18061,55;19248,40;20435,25;10711,80
8,00;13911,80;14511,80;15111,80;15711,80;24111,80;15480,00;17980,00;20480,00;14411,80;17111,80;19811,80;14361,80;16261,80;18161,80;20061,80;21961,80;23861,80;25761,80;16211,80;18511,80;20811,80;23111,80;25411,80;27711,80;15611,80;17311,80;19011,80;20711,80;22411,80;24111,80;18511,80;21411,80;24311,80;14857,00;16043,85;17230,70;18417,55;19604,40;20791,25;10911,80
9,00;14111,80;14711,80;15311,80;15911,80;24311,80;15860,00;18360,00;20860,00;14911,80;17611,80;20311,80;14561,80;16461,80;18361,80;20261,80;22161,80;24061,80;25961,80;16411,80;18711,80;21011,80;23311,80;25611,80;27911,80;15811,80;17511,80;19211,80;20911,80;22611,80;24311,80;18711,80;21611,80;24511,80;15213,00;16399,85;17586,70;18773,55;19960,40;21147,25;11111,80
10,00;14311,80;14911,80;15511,80;16111,80;24511,80;16240,00;18740,00;21240,00;15111,80;17811,80;20511,80;14761,80;16661,80;18561,80;20461,80;22361,80;24261,80;26161,80;16611,80;18911,80;21211,80;23511,80;25811,80;28111,80;16011,80;17711,80;19411,80;21111,80;22811,80;24511,80;18911,80;21811,80;24711,80;15569,00;16755,85;17942,70;19129,55;20316,40;21503,25;11311,80
11,00;14511,80;15111,80;15711,80;16311,80;24711,80;16620,00;19120,00;21620,00;15311,80;18011,80;20711,80;14961,80;16861,80;18761,80;20661,80;22561,80;24461,80;26361,80;16811,80;19111,80;21411,80;23711,80;26011,80;28311,80;16211,80;17911,80;19611,80;21311,80;23011,80;24711,80;19111,80;22011,80;24911,80;15946,00;17132,85;18319,70;19506,55;20693,40;21880,25;11511,80
12,00;14711,80;15311,80;15911,80;16511,80;24911,80;17000,00;19500,00;22000,00;15811,80;18511,80;21211,80;15161,80;17061,80;18961,80;20861,80;22761,80;24661,80;26561,80;17011,80;19311,80;21611,80;23911,80;26211,80;28511,80;16411,80;18111,80;19811,80;21511,80;23211,80;24911,80;19311,80;22211,80;25111,80;16112,00;17298,85;18485,70;19672,55;20859,40;22046,25;11711,80
13,00;14942,50;15542,50;16142,50;16742,50;25142,50;17380,00;19880,00;22380,00;16011,80;18711,80;21411,80;15392,50;17292,50;19192,50;21092,50;22992,50;24892,50;26792,50;17242,50;19542,50;21842,50;24142,50;26442,50;28742,50;16642,50;18342,50;20042,50;21742,50;23442,50;25142,50;19542,50;22442,50;25342,50;16468,00;17654,85;18841,70;20028,55;21215,40;22402,25;11942,50
14,00;15142,50;15742,50;16342,50;16942,50;25342,50;17760,00;20260,00;22760,00;16211,80;18911,80;21611,80;15592,50;17492,50;19392,50;21292,50;23192,50;25092,50;26992,50;17442,50;19742,50;22042,50;24342,50;26642,50;28942,50;16842,50;18542,50;20242,50;21942,50;23642,50;25342,50;19742,50;22642,50;25542,50;16824,00;18010,85;19197,70;20384,55;21571,40;22758,25;12142,50
15,00;15842,50;16442,50;17042,50;17642,50;26042,50;18140,00;20640,00;23140,00;16711,80;19411,80;22111,80;15792,50;17692,50;19592,50;21492,50;23392,50;25292,50;27192,50;18142,50;20442,50;22742,50;25042,50;27342,50;29642,50;17542,50;19242,50;20942,50;22642,50;24342,50;26042,50;20442,50;23342,50;26242,50;17180,00;18366,85;19553,70;20740,55;21927,40;23114,25;12842,50
16,00;16042,50;16642,50;17242,50;17842,50;26242,50;18520,00;21020,00;23520,00;16936,80;19636,80;22336,80;15992,50;17892,50;19792,50;21692,50;23592,50;25492,50;27392,50;18342,50;20642,50;22942,50;25242,50;27542,50;29842,50;17742,50;19442,50;21142,50;22842,50;24542,50;26242,50;20642,50;23542,50;26442,50;17512,00;18698,85;19885,70;21072,55;22259,40;23446,25;13042,50
17,00;16255,30;16855,30;17455,30;18055,30;26455,30;19400,00;21900,00;24400,00;17241,80;19941,80;22641,80;16505,50;18405,50;20305,50;22205,50;24105,50;26005,50;27905,50;18555,30;20855,30;23155,30;25455,30;27755,30;30055,30;17955,30;19655,30;21355,30;23055,30;24755,30;26455,30;20855,30;23755,30;26655,30;17868,00;19054,85;20241,70;21428,55;22615,40;23802,25;13255,30
18,00;16455,30;17055,30;17655,30;18255,30;26655,30;19780,00;22280,00;24780,00;17546,80;20246,80;22946,80;16905,30;18805,30;20705,30;22605,30;24505,30;26405,30;28305,30;18755,30;21055,30;23355,30;25655,30;27955,30;30255,30;18155,30;19855,30;21555,30;23255,30;24955,30;26655,30;21055,30;23955,30;26855,30;18224,00;19410,85;20597,70;21784,55;22971,40;24158,25;13455,30
19,00;16655,30;17255,30;17855,30;18455,30;26855,30;20160,00;22660,00;25160,00;17851,80;20551,80;23251,80;17105,30;19005,30;20905,30;22805,30;24705,30;26605,30;28505,30;18955,30;21255,30;23555,30;25855,30;28155,30;30455,30;18355,30;20055,30;21755,30;23455,30;25155,30;26855,30;21255,30;24155,30;27055,30;18580,00;19766,85;20953,70;22140,55;23327,40;24514,25;13655,30
20,00;16855,30;17455,30;18055,30;18655,30;27055,30;20540,00;23040,00;25540,00;18156,80;20856,80;23556,80;17305,30;19205,30;21105,30;23005,30;24905,30;26805,30;28705,30;19155,30;21455,30;23755,30;26055,30;28355,30;30655,30;18555,30;20255,30;21955,30;23655,30;25355,30;27055,30;21455,30;24355,30;27255,30;18958,00;20144,85;21331,70;22518,55;23705,40;24892,25;13855,30
21,00;17113,50;17713,50;18313,50;18913,50;27313,50;20920,00;23420,00;25920,00;18461,80;21161,80;23861,80;17563,50;19463,50;21363,50;23263,50;25163,50;27063,50;28963,50;19413,50;21713,50;24013,50;26313,50;28613,50;30913,50;18813,50;20513,50;22213,50;23913,50;25613,50;27313,50;21713,50;24613,50;27513,50;19314,00;20500,85;21687,70;22874,55;24061,40;25248,25;14113,50
22,00;17313,50;17913,50;18513,50;19113,50;27513,50;21300,00;23800,00;26300,00;18766,80;21466,80;24166,80;17763,50;19663,50;21563,50;23463,50;25363,50;27263,50;29163,50;19613,50;21913,50;24213,50;26513,50;28813,50;31113,50;19013,50;20713,50;22413,50;24113,50;25813,50;27513,50;21913,50;24813,50;27713,50;19670,00;20856,85;22043,70;23230,55;24417,40;25604,25;14313,50
23,00;17713,50;18313,50;18913,50;19513,50;27913,50;21680,00;24180,00;26680,00;19071,80;21771,80;24471,80;18163,50;20063,50;21963,50;23863,50;25763,50;27663,50;29563,50;20013,50;22313,50;24613,50;26913,50;29213,50;31513,50;19413,50;21113,50;22813,50;24513,50;26213,50;27913,50;22313,50;25213,50;28113,50;20026,00;21212,85;22399,70;23586,55;24773,40;25960,25;14713,50
24,00;17913,50;18513,50;19113,50;19713,50;28113,50;22060,00;24560,00;27060,00;19376,80;22076,80;24776,80;18363,50;20263,50;22163,50;24063,50;25963,50;27863,50;29763,50;20213,50;22513,50;24813,50;27113,50;29413,50;31713,50;19613,50;21313,50;23013,50;24713,50;26413,50;28113,50;22513,50;25413,50;28313,50;20382,00;21568,85;22755,70;23942,55;25129,40;26316,25;14913,50
25,00;18113,50;18713,50;19313,50;19913,50;28313,50;22440,00;24940,00;27440,00;19681,80;22381,80;25081,80;18563,50;20463,50;22363,50;24263,50;26163,50;28063,50;29963,50;20413,50;22713,50;25013,50;27313,50;29613,50;31913,50;19813,50;21513,50;23213,50;24913,50;26613,50;28313,50;22713,50;25613,50;28513,50;20738,00;21924,85;23111,70;24298,55;25485,40;26672,25;15113,50
26,00;18613,50;19213,50;19813,50;20413,50;28813,50;22820,00;25320,00;27820,00;19986,80;22686,80;25386,80;19063,50;20963,50;22863,50;24763,50;26663,50;28563,50;30463,50;20913,50;23213,50;25513,50;27813,50;30113,50;32413,50;20313,50;22013,50;23713,50;25413,50;27113,50;28813,50;23213,50;26113,50;29013,50;21485,00;22671,85;23858,70;25045,55;26232,40;27419,25;15613,50
27,00;18813,50;19413,50;20013,50;20613,50;29013,50;23200,00;25700,00;28200,00;20291,80;22991,80;25691,80;19263,50;21163,50;23063,50;24963,50;26863,50;28763,50;30663,50;21113,50;23413,50;25713,50;28013,50;30313,50;32613,50;20513,50;22213,50;23913,50;25613,50;27313,50;29013,50;23413,50;26313,50;29213,50;21841,00;23027,85;24214,70;25401,55;26588,40;27775,25;15813,50
28,00;19227,10;19827,10;20427,10;21027,10;29427,10;23580,00;26080,00;28580,00;20596,80;23296,80;25996,80;19677,10;21577,10;23477,10;25377,10;27277,10;29177,10;31077,10;21527,10;23827,10;26127,10;28427,10;30727,10;33027,10;20927,10;22627,10;24327,10;26027,10;27727,10;29427,10;23827,10;26727,10;29627,10;22100,07;23286,92;24473,77;25660,62;26847,47;28034,32;16227,10
29,00;19427,10;20027,10;20627,10;21227,10;29627,10;23960,00;26460,00;28960,00;20901,80;23601,80;26301,80;19877,10;21777,10;23677,10;25577,10;27477,10;29377,10;31277,10;21727,10;24027,10;26327,10;28627,10;30927,10;33227,10;21127,10;22827,10;24527,10;26227,10;27927,10;29627,10;24027,10;26927,10;29827,10;22496,12;23682,97;24869,82;26056,67;27243,52;28430,37;16427,10
30,00;19627,10;20227,10;20827,10;21427,10;29827,10;24340,00;26840,00;29340,00;21206,80;23906,80;26606,80;20077,10;21977,10;23877,10;25777,10;27677,10;29577,10;31477,10;21927,10;24227,10;26527,10;28827,10;31127,10;33427,10;21327,10;23027,10;24727,10;26427,10;28127,10;29827,10;24227,10;27127,10;30027,10;22892,16;24079,01;25265,86;26452,71;27639,56;28826,41;16627,10
31,00;19827,10;20427,10;21027,10;21627,10;30027,10;24720,00;27220,00;29720,00;21511,80;24211,80;26911,80;20277,10;22177,10;24077,10;25977,10;27877,10;29777,10;31677,10;22127,10;24427,10;26727,10;29027,10;31327,10;33627,10;21527,10;23227,10;24927,10;26627,10;28327,10;30027,10;24427,10;27327,10;30227,10;23288,21;24475,06;25661,91;26848,76;28035,61;29222,46;16827,10
32,00;20027,10;20627,10;21227,10;21827,10;30227,10;25100,00;27600,00;30100,00;21816,80;24516,80;27216,80;20477,10;22377,10;24277,10;26177,10;28077,10;29977,10;31877,10;22327,10;24627,10;26927,10;29227,10;31527,10;33827,10;21727,10;23427,10;25127,10;26827,10;28527,10;30227,10;24627,10;27527,10;30427,10;23684,26;24871,11;26057,96;27244,81;28431,66;29618,51;17027,10
33,00;20727,10;21327,10;21927,10;22527,10;30927,10;25480,00;27980,00;30480,00;22121,80;24821,80;27521,80;21177,10;23077,10;24977,10;26877,10;28777,10;30677,10;32577,10;23027,10;25327,10;27627,10;29927,10;32227,10;34527,10;22427,10;24127,10;25827,10;27527,10;29227,10;30927,10;25327,10;28227,10;31127,10;24080,31;25267,16;26454,01;27640,86;28827,71;30014,56;17727,10
34,00;20927,10;21527,10;22127,10;22727,10;31127,10;25860,00;28360,00;30860,00;22426,80;25126,80;27826,80;21377,10;23277,10;25177,10;27077,10;28977,10;30877,10;32777,10;23227,10;25527,10;27827,10;30127,10;32427,10;34727,10;22627,10;24327,10;26027,10;27727,10;29427,10;31127,10;25527,10;28427,10;31327,10;24476,36;25663,21;26850,06;28036,91;29223,76;30410,61;17927,10
35,00;21627,10;22227,10;22827,10;23427,10;31827,10;26240,00;28740,00;31240,00;22731,80;25431,80;28131,80;22077,10;23977,10;25877,10;27777,10;29677,10;31577,10;33477,10;23927,10;26227,10;28527,10;30827,10;33127,10;35427,10;23327,10;25027,10;26727,10;28427,10;30127,10;31827,10;26227,10;29127,10;32027,10;24872,41;26059,26;27246,11;28432,96;29619,81;30806,66;18627,10
36,00;21827,10;22427,10;23027,10;23627,10;32027,10;26620,00;29120,00;31620,00;23036,80;25736,80;28436,80;22277,10;24177,10;26077,10;27977,10;29877,10;31777,10;33677,10;24127,10;26427,10;28727,10;31027,10;33327,10;35627,10;23527,10;25227,10;26927,10;28627,10;30327,10;32027,10;26427,10;29327,10;32227,10;25268,45;26455,30;27642,15;28829,00;30015,85;31202,70;18827,10
37,00;22068,76;22668,76;23268,76;23868,76;32268,76;27000,00;29500,00;32000,00;23341,80;26041,80;28741,80;22518,76;24418,76;26318,76;28218,76;30118,76;32018,76;33918,76;24368,76;26668,76;28968,76;31268,76;33568,76;35868,76;23768,76;25468,76;27168,76;28868,76;30568,76;32268,76;26668,76;29568,76;32468,76;25664,50;26851,35;28038,20;29225,05;30411,90;31598,75;19068,76
38,00;22410,43;23010,43;23610,43;24210,43;32610,43;27380,00;29880,00;32380,00;23646,80;26346,80;29046,80;22860,43;24760,43;26660,43;28560,43;30460,43;32360,43;34260,43;24710,43;27010,43;29310,43;31610,43;33910,43;36210,43;24110,43;25810,43;27510,43;29210,43;30910,43;32610,43;27010,43;29910,43;32810,43;26060,55;27247,40;28434,25;29621,10;30807,95;31994,80;19410,43
39,00;22752,10;23352,10;23952,10;24552,10;32952,10;27760,00;30260,00;32760,00;23951,80;26651,80;29351,80;23202,10;25102,10;27002,10;28902,10;30802,10;32702,10;34602,10;25052,10;27352,10;29652,10;31952,10;34252,10;36552,10;24452,10;26152,10;27852,10;29552,10;31252,10;32952,10;27352,10;30252,10;33152,10;26456,60;27643,45;28830,30;30017,15;31204,00;32390,85;19752,10
40,00;23093,76;23693,76;24293,76;24893,76;33293,76;28140,00;30640,00;33140,00;24256,80;26956,80;29656,80;23543,76;25443,76;27343,76;29243,76;31143,76;33043,76;34943,76;25393,76;27693,76;29993,76;32293,76;34593,76;36893,76;24793,76;26493,76;28193,76;29893,76;31593,76;33293,76;27693,76;30593,76;33493,76;26852,65;28039,50;29226,35;30413,20;31600,05;32786,90;20093,76
41,00;23435,43;24035,43;24635,43;25235,43;33635,43;28520,00;31020,00;33520,00;24561,80;27261,80;29961,80;23885,43;25785,43;27685,43;29585,43;31485,43;33385,43;35285,43;25735,43;28035,43;30335,43;32635,43;34935,43;37235,43;25135,43;26835,43;28535,43;30235,43;31935,43;33635,43;28035,43;30935,43;33835,43;27248,70;28435,55;29622,40;30809,25;31996,10;33182,95;20435,43
42,00;23777,10;24377,10;24977,10;25577,10;33977,10;28900,00;31400,00;33900,00;24866,80;27566,80;30266,80;24227,10;26127,10;28027,10;29927,10;31827,10;33727,10;35627,10;26077,10;28377,10;30677,10;32977,10;35277,10;37577,10;25477,10;27177,10;28877,10;30577,10;32277,10;33977,10;28377,10;31277,10;34177,10;27644,75;28831,60;30018,45;31205,30;32392,15;33579,00;20777,10
43,00;24118,76;24718,76;25318,76;25918,76;34318,76;29280,00;31780,00;34280,00;25171,80;27871,80;30571,80;24568,76;26468,76;28368,76;30268,76;32168,76;34068,76;35968,76;26418,76;28718,76;31018,76;33318,76;35618,76;37918,76;25818,76;27518,76;29218,76;30918,76;32618,76;34318,76;28718,76;31618,76;34518,76;28040,79;29227,64;30414,49;31601,34;32788,19;33975,04;21118,76
44,00;24460,43;25060,43;25660,43;26260,43;34660,43;29660,00;32160,00;34660,00;25476,80;28176,80;30876,80;24910,43;26810,43;28710,43;30610,43;32510,43;34410,43;36310,43;26760,43;29060,43;31360,43;33660,43;35960,43;38260,43;26160,43;27860,43;29560,43;31260,43;32960,43;34660,43;29060,43;31960,43;34860,43;28436,84;29623,69;30810,54;31997,39;33184,24;34371,09;21460,43
45,00;24802,10;25402,10;26002,10;26602,10;35002,10;30040,00;32540,00;35040,00;25781,80;28481,80;31181,80;25252,10;27152,10;29052,10;30952,10;32852,10;34752,10;36652,10;27102,10;29402,10;31702,10;34002,10;36302,10;38602,10;26502,10;28202,10;29902,10;31602,10;33302,10;35002,10;29402,10;32302,10;35202,10;28832,89;30019,74;31206,59;32393,44;33580,29;34767,14;21802,10
46,00;25143,76;25743,76;26343,76;26943,76;35343,76;30420,00;32920,00;35420,00;26086,80;28786,80;31486,80;25593,76;27493,76;29393,76;31293,76;33193,76;35093,76;36993,76;27443,76;29743,76;32043,76;34343,76;36643,76;38943,76;26843,76;28543,76;30243,76;31943,76;33643,76;35343,76;29743,76;32643,76;35543,76;29228,94;30415,79;31602,64;32789,49;33976,34;35163,19;22143,76
47,00;25467,25;26067,25;26667,25;27267,25;35667,25;30800,00;33300,00;35800,00;26391,80;29091,80;31791,80;25917,25;27817,25;29717,25;31617,25;33517,25;35417,25;37317,25;27767,25;30067,25;32367,25;34667,25;36967,25;39267,25;27167,25;28867,25;30567,25;32267,25;33967,25;35667,25;30067,25;32967,25;35867,25;29624,99;30811,84;31998,69;33185,54;34372,39;35559,24;22467,25
48,00;25804,37;26404,37;27004,37;27604,37;36004,37;31180,00;33680,00;36180,00;26696,80;29396,80;32096,80;26254,37;28154,37;30054,37;31954,37;33854,37;35754,37;37654,37;28104,37;30404,37;32704,37;35004,37;37304,37;39604,37;27504,37;29204,37;30904,37;32604,37;34304,37;36004,37;30404,37;33304,37;36204,37;30021,04;31207,89;32394,74;33581,59;34768,44;35955,29;22804,37
49,00;26141,49;26741,49;27341,49;27941,49;36341,49;31560,00;34060,00;36560,00;27001,80;29701,80;32401,80;26591,49;28491,49;30391,49;32291,49;34191,49;36091,49;37991,49;28441,49;30741,49;33041,49;35341,49;37641,49;39941,49;27841,49;29541,49;31241,49;32941,49;34641,49;36341,49;30741,49;33641,49;36541,49;30417,08;31603,93;32790,78;33977,63;35164,48;36351,33;23141,49
50,00;26478,61;27078,61;27678,61;28278,61;36678,61;31940,00;34440,00;36940,00;27306,80;30006,80;32706,80;26928,61;28828,61;30728,61;32628,61;34528,61;36428,61;38328,61;28778,61;31078,61;33378,61;35678,61;37978,61;40278,61;28178,61;29878,61;31578,61;33278,61;34978,61;36678,61;31078,61;33978,61;36878,61;30813,13;31999,98;33186,83;34373,68;35560,53;36747,38;23478,61
51,00;26815,73;27415,73;28015,73;28615,73;37015,73;32320,00;34820,00;37320,00;27611,80;30311,80;33011,80;27265,73;29165,73;31065,73;32965,73;34865,73;36765,73;38665,73;29115,73;31415,73;33715,73;36015,73;38315,73;40615,73;28515,73;30215,73;31915,73;33615,73;35315,73;37015,73;31415,73;34315,73;37215,73;31209,18;32396,03;33582,88;34769,73;35956,58;37143,43;23815,73
52,00;27152,85;27752,85;28352,85;28952,85;37352,85;32700,00;35200,00;37700,00;27916,80;30616,80;33316,80;27602,85;29502,85;31402,85;33302,85;35202,85;37102,85;39002,85;29452,85;31752,85;34052,85;36352,85;38652,85;40952,85;28852,85;30552,85;32252,85;33952,85;35652,85;37352,85;31752,85;34652,85;37552,85;31605,23;32792,08;33978,93;35165,78;36352,63;37539,48;24152,85
53,00;27489,97;28089,97;28689,97;29289,97;37689,97;33080,00;35580,00;38080,00;28221,80;30921,80;33621,80;27939,97;29839,97;31739,97;33639,97;35539,97;37439,97;39339,97;29789,97;32089,97;34389,97;36689,97;38989,97;41289,97;29189,97;30889,97;32589,97;34289,97;35989,97;37689,97;32089,97;34989,97;37889,97;32001,28;33188,13;34374,98;35561,83;36748,68;37935,53;24489,97
54,00;27827,10;28427,10;29027,10;29627,10;38027,10;33460,00;35960,00;38460,00;28526,80;31226,80;33926,80;28277,10;30177,10;32077,10;33977,10;35877,10;37777,10;39677,10;30127,10;32427,10;34727,10;37027,10;39327,10;41627,10;29527,10;31227,10;32927,10;34627,10;36327,10;38027,10;32427,10;35327,10;38227,10;32397,33;33584,18;34771,03;35957,88;37144,73;38331,58;24827,10
55,00;28164,22;28764,22;29364,22;29964,22;38364,22;33840,00;36340,00;38840,00;28831,80;31531,80;34231,80;28614,22;30514,22;32414,22;34314,22;36214,22;38114,22;40014,22;30464,22;32764,22;35064,22;37364,22;39664,22;41964,22;29864,22;31564,22;33264,22;34964,22;36664,22;38364,22;32764,22;35664,22;38564,22;32793,38;33980,23;35167,08;36353,93;37540,78;38727,63;25164,22
56,00;28501,34;29101,34;29701,34;30301,34;38701,34;34220,00;36720,00;39220,00;29136,80;31836,80;34536,80;28951,34;30851,34;32751,34;34651,34;36551,34;38451,34;40351,34;30801,34;33101,34;35401,34;37701,34;40001,34;42301,34;30201,34;31901,34;33601,34;35301,34;37001,34;38701,34;33101,34;36001,34;38901,34;33189,42;34376,27;35563,12;36749,97;37936,82;39123,67;25501,34
57,00;28838,46;29438,46;30038,46;30638,46;39038,46;34600,00;37100,00;39600,00;29441,80;32141,80;34841,80;29288,46;31188,46;33088,46;34988,46;36888,46;38788,46;40688,46;31138,46;33438,46;35738,46;38038,46;40338,46;42638,46;30538,46;32238,46;33938,46;35638,46;37338,46;39038,46;33438,46;36338,46;39238,46;33585,47;34772,32;35959,17;37146,02;38332,87;39519,72;25838,46
58,00;29175,58;29775,58;30375,58;30975,58;39375,58;34980,00;37480,00;39980,00;29746,80;32446,80;35146,80;29625,58;31525,58;33425,58;35325,58;37225,58;39125,58;41025,58;31475,58;33775,58;36075,58;38375,58;40675,58;42975,58;30875,58;32575,58;34275,58;35975,58;37675,58;39375,58;33775,58;36675,58;39575,58;33981,52;35168,37;36355,22;37542,07;38728,92;39915,77;26175,58
59,00;29512,70;30112,70;30712,70;31312,70;39712,70;35360,00;37860,00;40360,00;30051,80;32751,80;35451,80;29962,70;31862,70;33762,70;35662,70;37562,70;39462,70;41362,70;31812,70;34112,70;36412,70;38712,70;41012,70;43312,70;31212,70;32912,70;34612,70;36312,70;38012,70;39712,70;34112,70;37012,70;39912,70;34377,57;35564,42;36751,27;37938,12;39124,97;40311,82;26512,70
60,00;29849,82;30449,82;31049,82;31649,82;40049,82;35740,00;38240,00;40740,00;30356,80;33056,80;35756,80;30299,82;32199,82;34099,82;35999,82;37899,82;39799,82;41699,82;32149,82;34449,82;36749,82;39049,82;41349,82;43649,82;31549,82;33249,82;34949,82;36649,82;38349,82;40049,82;34449,82;37349,82;40249,82;34773,62;35960,47;37147,32;38334,17;39521,02;40707,87;26849,82
61,00;30186,94;30786,94;31386,94;31986,94;40386,94;36120,00;38620,00;41120,00;30661,80;33361,80;36061,80;30636,94;32536,94;34436,94;36336,94;38236,94;40136,94;42036,94;32486,94;34786,94;37086,94;39386,94;41686,94;43986,94;31886,94;33586,94;35286,94;36986,94;38686,94;40386,94;34786,94;37686,94;40586,94;35169,67;36356,52;37543,37;38730,22;39917,07;41103,92;27186,94
62,00;30524,06;31124,06;31724,06;32324,06;40724,06;36500,00;39000,00;41500,00;30966,80;33666,80;36366,80;30974,06;32874,06;34774,06;36674,06;38574,06;40474,06;42374,06;32824,06;35124,06;37424,06;39724,06;42024,06;44324,06;32224,06;33924,06;35624,06;37324,06;39024,06;40724,06;35124,06;38024,06;40924,06;35565,72;36752,57;37939,42;39126,27;40313,12;41499,97;27524,06
63,00;30861,18;31461,18;32061,18;32661,18;41061,18;36880,00;39380,00;41880,00;31271,80;33971,80;36671,80;31311,18;33211,18;35111,18;37011,18;38911,18;40811,18;42711,18;33161,18;35461,18;37761,18;40061,18;42361,18;44661,18;32561,18;34261,18;35961,18;37661,18;39361,18;41061,18;35461,18;38361,18;41261,18;35961,76;37148,61;38335,46;39522,31;40709,16;41896,01;27861,18
64,00;31198,31;31798,31;32398,31;32998,31;41398,31;37260,00;39760,00;42260,00;31576,80;34276,80;36976,80;31648,31;33548,31;35448,31;37348,31;39248,31;41148,31;43048,31;33498,31;35798,31;38098,31;40398,31;42698,31;44998,31;32898,31;34598,31;36298,31;37998,31;39698,31;41398,31;35798,31;38698,31;41598,31;36357,81;37544,66;38731,51;39918,36;41105,21;42292,06;28198,31
65,00;31535,43;32135,43;32735,43;33335,43;41735,43;37640,00;40140,00;42640,00;31881,80;34581,80;37281,80;31985,43;33885,43;35785,43;37685,43;39585,43;41485,43;43385,43;33835,43;36135,43;38435,43;40735,43;43035,43;45335,43;33235,43;34935,43;36635,43;38335,43;40035,43;41735,43;36135,43;39035,43;41935,43;36753,86;37940,71;39127,56;40314,41;41501,26;42688,11;28535,43
66,00;31872,55;32472,55;33072,55;33672,55;42072,55;38020,00;40520,00;43020,00;32186,80;34886,80;37586,80;32322,55;34222,55;36122,55;38022,55;39922,55;41822,55;43722,55;34172,55;36472,55;38772,55;41072,55;43372,55;45672,55;33572,55;35272,55;36972,55;38672,55;40372,55;42072,55;36472,55;39372,55;42272,55;37149,91;38336,76;39523,61;40710,46;41897,31;43084,16;28872,55
67,00;32209,67;32809,67;33409,67;34009,67;42409,67;38400,00;40900,00;43400,00;32491,80;35191,80;37891,80;32659,67;34559,67;36459,67;38359,67;40259,67;42159,67;44059,67;34509,67;36809,67;39109,67;41409,67;43709,67;46009,67;33909,67;35609,67;37309,67;39009,67;40709,67;42409,67;36809,67;39709,67;42609,67;37545,96;38732,81;39919,66;41106,51;42293,36;43480,21;29209,67
68,00;32546,79;33146,79;33746,79;34346,79;42746,79;38780,00;41280,00;43780,00;32796,80;35496,80;38196,80;32996,79;34896,79;36796,79;38696,79;40596,79;42496,79;44396,79;34846,79;37146,79;39446,79;41746,79;44046,79;46346,79;34246,79;35946,79;37646,79;39346,79;41046,79;42746,79;37146,79;40046,79;42946,79;37942,01;39128,86;40315,71;41502,56;42689,41;43876,26;29546,79
69,00;32883,91;33483,91;34083,91;34683,91;43083,91;39160,00;41660,00;44160,00;33101,80;35801,80;38501,80;33333,91;35233,91;37133,91;39033,91;40933,91;42833,91;44733,91;35183,91;37483,91;39783,91;42083,91;44383,91;46683,91;34583,91;36283,91;37983,91;39683,91;41383,91;43083,91;37483,91;40383,91;43283,91;38338,05;39524,90;40711,75;41898,60;43085,45;44272,30;29883,91
70,00;33221,03;33821,03;34421,03;35021,03;43421,03;39540,00;42040,00;44540,00;33406,80;36106,80;38806,80;33671,03;35571,03;37471,03;39371,03;41271,03;43171,03;45071,03;35521,03;37821,03;40121,03;42421,03;44721,03;47021,03;34921,03;36621,03;38321,03;40021,03;41721,03;43421,03;37821,03;40721,03;43621,03;38734,10;39920,95;41107,80;42294,65;43481,50;44668,35;30221,03
71,00;33558,15;34158,15;34758,15;35358,15;43758,15;39920,00;42420,00;44920,00;33711,80;36411,80;39111,80;34008,15;35908,15;37808,15;39708,15;41608,15;43508,15;45408,15;35858,15;38158,15;40458,15;42758,15;45058,15;47358,15;35258,15;36958,15;38658,15;40358,15;42058,15;43758,15;38158,15;41058,15;43958,15;39130,15;40317,00;41503,85;42690,70;43877,55;45064,40;30558,15
72,00;33895,27;34495,27;35095,27;35695,27;44095,27;40300,00;42800,00;45300,00;34016,80;36716,80;39416,80;34345,27;36245,27;38145,27;40045,27;41945,27;43845,27;45745,27;36195,27;38495,27;40795,27;43095,27;45395,27;47695,27;35595,27;37295,27;38995,27;40695,27;42395,27;44095,27;38495,27;41395,27;44295,27;39526,20;40713,05;41899,90;43086,75;44273,60;45460,45;30895,27
73,00;34232,40;34832,40;35432,40;36032,40;44432,40;40680,00;43180,00;45680,00;34321,80;37021,80;39721,80;34682,40;36582,40;38482,40;40382,40;42282,40;44182,40;46082,40;36532,40;38832,40;41132,40;43432,40;45732,40;48032,40;35932,40;37632,40;39332,40;41032,40;42732,40;44432,40;38832,40;41732,40;44632,40;39922,25;41109,10;42295,95;43482,80;44669,65;45856,50;31232,40
74,00;34569,52;35169,52;35769,52;36369,52;44769,52;41060,00;43560,00;46060,00;34626,80;37326,80;40026,80;35019,52;36919,52;38819,52;40719,52;42619,52;44519,52;46419,52;36869,52;39169,52;41469,52;43769,52;46069,52;48369,52;36269,52;37969,52;39669,52;41369,52;43069,52;44769,52;39169,52;42069,52;44969,52;40318,30;41505,15;42692,00;43878,85;45065,70;46252,55;31569,52
75,00;34906,64;35506,64;36106,64;36706,64;45106,64;41440,00;43940,00;46440,00;34931,80;37631,80;40331,80;35356,64;37256,64;39156,64;41056,64;42956,64;44856,64;46756,64;37206,64;39506,64;41806,64;44106,64;46406,64;48706,64;36606,64;38306,64;40006,64;41706,64;43406,64;45106,64;39506,64;42406,64;45306,64;40714,35;41901,20;43088,05;44274,90;45461,75;46648,60;31906,64
76,00;35243,76;35843,76;36443,76;37043,76;45443,76;41820,00;44320,00;46820,00;35236,80;37936,80;40636,80;35693,76;37593,76;39493,76;41393,76;43293,76;45193,76;47093,76;37543,76;39843,76;42143,76;44443,76;46743,76;49043,76;36943,76;38643,76;40343,76;42043,76;43743,76;45443,76;39843,76;42743,76;45643,76;41110,39;42297,24;43484,09;44670,94;45857,79;47044,64;32243,76
77,00;35580,88;36180,88;36780,88;37380,88;45780,88;42200,00;44700,00;47200,00;35541,80;38241,80;40941,80;36030,88;37930,88;39830,88;41730,88;43630,88;45530,88;47430,88;37880,88;40180,88;42480,88;44780,88;47080,88;49380,88;37280,88;38980,88;40680,88;42380,88;44080,88;45780,88;40180,88;43080,88;45980,88;41506,44;42693,29;43880,14;45066,99;46253,84;47440,69;32580,88
78,00;35918,00;36518,00;37118,00;37718,00;46118,00;42580,00;45080,00;47580,00;35846,80;38546,80;41246,80;36368,00;38268,00;40168,00;42068,00;43968,00;45868,00;47768,00;38218,00;40518,00;42818,00;45118,00;47418,00;49718,00;37618,00;39318,00;41018,00;42718,00;44418,00;46118,00;40518,00;43418,00;46318,00;41902,49;43089,34;44276,19;45463,04;46649,89;47836,74;32918,00
79,00;36255,12;36855,12;37455,12;38055,12;46455,12;42960,00;45460,00;47960,00;36151,80;38851,80;41551,80;36705,12;38605,12;40505,12;42405,12;44305,12;46205,12;48105,12;38555,12;40855,12;43155,12;45455,12;47755,12;50055,12;37955,12;39655,12;41355,12;43055,12;44755,12;46455,12;40855,12;43755,12;46655,12;42298,54;43485,39;44672,24;45859,09;47045,94;48232,79;33255,12
80,00;36592,24;37192,24;37792,24;38392,24;46792,24;43340,00;45840,00;48340,00;36456,80;39156,80;41856,80;37042,24;38942,24;40842,24;42742,24;44642,24;46542,24;48442,24;38892,24;41192,24;43492,24;45792,24;48092,24;50392,24;38292,24;39992,24;41692,24;43392,24;45092,24;46792,24;41192,24;44092,24;46992,24;42694,59;43881,44;45068,29;46255,14;47441,99;48628,84;33592,24
81,00;36929,36;37529,36;38129,36;38729,36;47129,36;43720,00;46220,00;48720,00;36761,80;39461,80;42161,80;37379,36;39279,36;41179,36;43079,36;44979,36;46879,36;48779,36;39229,36;41529,36;43829,36;46129,36;48429,36;50729,36;38629,36;40329,36;42029,36;43729,36;45429,36;47129,36;41529,36;44429,36;47329,36;43090,64;44277,49;45464,34;46651,19;47838,04;49024,89;33929,36
82,00;37266,49;37866,49;38466,49;39066,49;47466,49;44100,00;46600,00;49100,00;37066,80;39766,80;42466,80;37716,49;39616,49;41516,49;43416,49;45316,49;47216,49;49116,49;39566,49;41866,49;44166,49;46466,49;48766,49;51066,49;38966,49;40666,49;42366,49;44066,49;45766,49;47466,49;41866,49;44766,49;47666,49;43486,68;44673,53;45860,38;47047,23;48234,08;49420,93;34266,49
83,00;37603,61;38203,61;38803,61;39403,61;47803,61;44480,00;46980,00;49480,00;37371,80;40071,80;42771,80;38053,61;39953,61;41853,61;43753,61;45653,61;47553,61;49453,61;39903,61;42203,61;44503,61;46803,61;49103,61;51403,61;39303,61;41003,61;42703,61;44403,61;46103,61;47803,61;42203,61;45103,61;48003,61;43882,73;45069,58;46256,43;47443,28;48630,13;49816,98;34603,61
84,00;37940,73;38540,73;39140,73;39740,73;48140,73;44860,00;47360,00;49860,00;37676,80;40376,80;43076,80;38390,73;40290,73;42190,73;44090,73;45990,73;47890,73;49790,73;40240,73;42540,73;44840,73;47140,73;49440,73;51740,73;39640,73;41340,73;43040,73;44740,73;46440,73;48140,73;42540,73;45440,73;48340,73;44278,78;45465,63;46652,48;47839,33;49026,18;50213,03;34940,73
85,00;38277,85;38877,85;39477,85;40077,85;48477,85;45240,00;47740,00;50240,00;37981,80;40681,80;43381,80;38727,85;40627,85;42527,85;44427,85;46327,85;48227,85;50127,85;40577,85;42877,85;45177,85;47477,85;49777,85;52077,85;39977,85;41677,85;43377,85;45077,85;46777,85;48477,85;42877,85;45777,85;48677,85;44674,83;45861,68;47048,53;48235,38;49422,23;50609,08;35277,85
86,00;38614,97;39214,97;39814,97;40414,97;48814,97;45620,00;48120,00;50620,00;38286,80;40986,80;43686,80;39064,97;40964,97;42864,97;44764,97;46664,97;48564,97;50464,97;40914,97;43214,97;45514,97;47814,97;50114,97;52414,97;40314,97;42014,97;43714,97;45414,97;47114,97;48814,97;43214,97;46114,97;49014,97;45070,88;46257,73;47444,58;48631,43;49818,28;51005,13;35614,97
87,00;38952,09;39552,09;40152,09;40752,09;49152,09;46000,00;48500,00;51000,00;38591,80;41291,80;43991,80;39402,09;41302,09;43202,09;45102,09;47002,09;48902,09;50802,09;41252,09;43552,09;45852,09;48152,09;50452,09;52752,09;40652,09;42352,09;44052,09;45752,09;47452,09;49152,09;43552,09;46452,09;49352,09;45466,93;46653,78;47840,63;49027,48;50214,33;51401,18;35952,09
88,00;39289,21;39889,21;40489,21;41089,21;49489,21;46380,00;48880,00;51380,00;38896,80;41596,80;44296,80;39739,21;41639,21;43539,21;45439,21;47339,21;49239,21;51139,21;41589,21;43889,21;46189,21;48489,21;50789,21;53089,21;40989,21;42689,21;44389,21;46089,21;47789,21;49489,21;43889,21;46789,21;49689,21;45862,98;47049,83;48236,68;49423,53;50610,38;51797,23;36289,21
89,00;39626,33;40226,33;40826,33;41426,33;49826,33;46760,00;49260,00;51760,00;39201,80;41901,80;44601,80;40076,33;41976,33;43876,33;45776,33;47676,33;49576,33;51476,33;41926,33;44226,33;46526,33;48826,33;51126,33;53426,33;41326,33;43026,33;44726,33;46426,33;48126,33;49826,33;44226,33;47126,33;50026,33;46259,02;47445,87;48632,72;49819,57;51006,42;52193,27;36626,33
90,00;39963,45;40563,45;41163,45;41763,45;50163,45;47140,00;49640,00;52140,00;39506,80;42206,80;44906,80;40413,45;42313,45;44213,45;46113,45;48013,45;49913,45;51813,45;42263,45;44563,45;46863,45;49163,45;51463,45;53763,45;41663,45;43363,45;45063,45;46763,45;48463,45;50163,45;44563,45;47463,45;50363,45;46655,07;47841,92;49028,77;50215,62;51402,47;52589,32;36963,45
91,00;40300,58;40900,58;41500,58;42100,58;50500,58;47520,00;50020,00;52520,00;39811,80;42511,80;45211,80;40750,58;42650,58;44550,58;46450,58;48350,58;50250,58;52150,58;42600,58;44900,58;47200,58;49500,58;51800,58;54100,58;42000,58;43700,58;45400,58;47100,58;48800,58;50500,58;44900,58;47800,58;50700,58;47051,12;48237,97;49424,82;50611,67;51798,52;52985,37;37300,58
92,00;40637,70;41237,70;41837,70;42437,70;50837,70;47900,00;50400,00;52900,00;40116,80;42816,80;45516,80;41087,70;42987,70;44887,70;46787,70;48687,70;50587,70;52487,70;42937,70;45237,70;47537,70;49837,70;52137,70;54437,70;42337,70;44037,70;45737,70;47437,70;49137,70;50837,70;45237,70;48137,70;51037,70;47447,17;48634,02;49820,87;51007,72;52194,57;53381,42;37637,70
93,00;40974,82;41574,82;42174,82;42774,82;51174,82;48280,00;50780,00;53280,00;40421,80;43121,80;45821,80;41424,82;43324,82;45224,82;47124,82;49024,82;50924,82;52824,82;43274,82;45574,82;47874,82;50174,82;52474,82;54774,82;42674,82;44374,82;46074,82;47774,82;49474,82;51174,82;45574,82;48474,82;51374,82;47843,22;49030,07;50216,92;51403,77;52590,62;53777,47;37974,82
94,00;41311,94;41911,94;42511,94;43111,94;51511,94;48660,00;51160,00;53660,00;40726,80;43426,80;46126,80;41761,94;43661,94;45561,94;47461,94;49361,94;51261,94;53161,94;43611,94;45911,94;48211,94;50511,94;52811,94;55111,94;43011,94;44711,94;46411,94;48111,94;49811,94;51511,94;45911,94;48811,94;51711,94;48239,27;49426,12;50612,97;51799,82;52986,67;54173,52;38311,94
95,00;41649,06;42249,06;42849,06;43449,06;51849,06;49040,00;51540,00;54040,00;41031,80;43731,80;46431,80;42099,06;43999,06;45899,06;47799,06;49699,06;51599,06;53499,06;43949,06;46249,06;48549,06;50849,06;53149,06;55449,06;43349,06;45049,06;46749,06;48449,06;50149,06;51849,06;46249,06;49149,06;52049,06;48635,32;49822,17;51009,02;52195,87;53382,72;54569,57;38649,06
96,00;41986,18;42586,18;43186,18;43786,18;52186,18;49420,00;51920,00;54420,00;41336,80;44036,80;46736,80;42436,18;44336,18;46236,18;48136,18;50036,18;51936,18;53836,18;44286,18;46586,18;48886,18;51186,18;53486,18;55786,18;43686,18;45386,18;47086,18;48786,18;50486,18;52186,18;46586,18;49486,18;52386,18;49031,36;50218,21;51405,06;52591,91;53778,76;54965,61;38986,18
97,00;42323,30;42923,30;43523,30;44123,30;52523,30;49800,00;52300,00;54800,00;41641,80;44341,80;47041,80;42773,30;44673,30;46573,30;48473,30;50373,30;52273,30;54173,30;44623,30;46923,30;49223,30;51523,30;53823,30;56123,30;44023,30;45723,30;47423,30;49123,30;50823,30;52523,30;46923,30;49823,30;52723,30;49427,41;50614,26;51801,11;52987,96;54174,81;55361,66;39323,30
98,00;42660,42;43260,42;43860,42;44460,42;52860,42;50180,00;52680,00;55180,00;41946,80;44646,80;47346,80;43110,42;45010,42;46910,42;48810,42;50710,42;52610,42;54510,42;44960,42;47260,42;49560,42;51860,42;54160,42;56460,42;44360,42;46060,42;47760,42;49460,42;51160,42;52860,42;47260,42;50160,42;53060,42;49823,46;51010,31;52197,16;53384,01;54570,86;55757,71;39660,42
99,00;42997,54;43597,54;44197,54;44797,54;53197,54;50560,00;53060,00;55560,00;42251,80;44951,80;47651,80;43447,54;45347,54;47247,54;49147,54;51047,54;52947,54;54847,54;45297,54;47597,54;49897,54;52197,54;54497,54;56797,54;44697,54;46397,54;48097,54;49797,54;51497,54;53197,54;47597,54;50497,54;53397,54;50219,51;51406,36;52593,21;53780,06;54966,91;56153,76;39997,54
100,00;43334,67;43934,67;44534,67;45134,67;53534,67;50940,00;53440,00;55940,00;42556,80;45256,80;47956,80;43784,67;45684,67;47584,67;49484,67;51384,67;53284,67;55184,67;45634,67;47934,67;50234,67;52534,67;54834,67;57134,67;45034,67;46734,67;48434,67;50134,67;51834,67;53534,67;47934,67;50834,67;53734,67;50615,56;51802,41;52989,26;54176,11;55362,96;56549,81;40334,67
101,00;43671,79;44271,79;44871,79;45471,79;53871,79;51320,00;53820,00;56320,00;42861,80;45561,80;48261,80;44121,79;46021,79;47921,79;49821,79;51721,79;53621,79;55521,79;45971,79;48271,79;50571,79;52871,79;55171,79;57471,79;45371,79;47071,79;48771,79;50471,79;52171,79;53871,79;48271,79;51171,79;54071,79;51011,61;52198,46;53385,31;54572,16;55759,01;56945,86;40671,79
102,00;44008,91;44608,91;45208,91;45808,91;54208,91;51700,00;54200,00;56700,00;43166,80;45866,80;48566,80;44458,91;46358,91;48258,91;50158,91;52058,91;53958,91;55858,91;46308,91;48608,91;50908,91;53208,91;55508,91;57808,91;45708,91;47408,91;49108,91;50808,91;52508,91;54208,91;48608,91;51508,91;54408,91;51407,65;52594,50;53781,35;54968,20;56155,05;57341,90;41008,91
103,00;44346,03;44946,03;45546,03;46146,03;54546,03;52080,00;54580,00;57080,00;43471,80;46171,80;48871,80;44796,03;46696,03;48596,03;50496,03;52396,03;54296,03;56196,03;46646,03;48946,03;51246,03;53546,03;55846,03;58146,03;46046,03;47746,03;49446,03;51146,03;52846,03;54546,03;48946,03;51846,03;54746,03;51803,70;52990,55;54177,40;55364,25;56551,10;57737,95;41346,03
104,00;44683,15;45283,15;45883,15;46483,15;54883,15;52460,00;54960,00;57460,00;43776,80;46476,80;49176,80;45133,15;47033,15;48933,15;50833,15;52733,15;54633,15;56533,15;46983,15;49283,15;51583,15;53883,15;56183,15;58483,15;46383,15;48083,15;49783,15;51483,15;53183,15;54883,15;49283,15;52183,15;55083,15;52199,75;53386,60;54573,45;55760,30;56947,15;58134,00;41683,15
105,00;45020,27;45620,27;46220,27;46820,27;55220,27;52840,00;55340,00;57840,00;44081,80;46781,80;49481,80;45470,27;47370,27;49270,27;51170,27;53070,27;54970,27;56870,27;47320,27;49620,27;51920,27;54220,27;56520,27;58820,27;46720,27;48420,27;50120,27;51820,27;53520,27;55220,27;49620,27;52520,27;55420,27;52595,80;53782,65;54969,50;56156,35;57343,20;58530,05;42020,27
106,00;45357,39;45957,39;46557,39;47157,39;55557,39;53220,00;55720,00;58220,00;44386,80;47086,80;49786,80;45807,39;47707,39;49607,39;51507,39;53407,39;55307,39;57207,39;47657,39;49957,39;52257,39;54557,39;56857,39;59157,39;47057,39;48757,39;50457,39;52157,39;53857,39;55557,39;49957,39;52857,39;55757,39;52991,85;54178,70;55365,55;56552,40;57739,25;58926,10;42357,39
107,00;45694,51;46294,51;46894,51;47494,51;55894,51;53600,00;56100,00;58600,00;44691,80;47391,80;50091,80;46144,51;48044,51;49944,51;51844,51;53744,51;55644,51;57544,51;47994,51;50294,51;52594,51;54894,51;57194,51;59494,51;47394,51;49094,51;50794,51;52494,51;54194,51;55894,51;50294,51;53194,51;56094,51;53387,90;54574,75;55761,60;56948,45;58135,30;59322,15;42694,51
108,00;46031,63;46631,63;47231,63;47831,63;56231,63;53980,00;56480,00;58980,00;44996,80;47696,80;50396,80;46481,63;48381,63;50281,63;52181,63;54081,63;55981,63;57881,63;48331,63;50631,63;52931,63;55231,63;57531,63;59831,63;47731,63;49431,63;51131,63;52831,63;54531,63;56231,63;50631,63;53531,63;56431,63;53783,95;54970,80;56157,65;57344,50;58531,35;59718,20;43031,63
109,00;46368,76;46968,76;47568,76;48168,76;56568,76;54360,00;56860,00;59360,00;45301,80;48001,80;50701,80;46818,76;48718,76;50618,76;52518,76;54418,76;56318,76;58218,76;48668,76;50968,76;53268,76;55568,76;57868,76;60168,76;48068,76;49768,76;51468,76;53168,76;54868,76;56568,76;50968,76;53868,76;56768,76;54179,99;55366,84;56553,69;57740,54;58927,39;60114,24;43368,76
110,00;46705,88;47305,88;47905,88;48505,88;56905,88;54740,00;57240,00;59740,00;45606,80;48306,80;51006,80;47155,88;49055,88;50955,88;52855,88;54755,88;56655,88;58555,88;49005,88;51305,88;53605,88;55905,88;58205,88;60505,88;48405,88;50105,88;51805,88;53505,88;55205,88;56905,88;51305,88;54205,88;57105,88;54576,04;55762,89;56949,74;58136,59;59323,44;60510,29;43705,88
111,00;47043,00;47643,00;48243,00;48843,00;57243,00;55120,00;57620,00;60120,00;45911,80;48611,80;51311,80;47493,00;49393,00;51293,00;53193,00;55093,00;56993,00;58893,00;49343,00;51643,00;53943,00;56243,00;58543,00;60843,00;48743,00;50443,00;52143,00;53843,00;55543,00;57243,00;51643,00;54543,00;57443,00;54972,09;56158,94;57345,79;58532,64;59719,49;60906,34;44043,00
112,00;47380,12;47980,12;48580,12;49180,12;57580,12;55500,00;58000,00;60500,00;46216,80;48916,80;51616,80;47830,12;49730,12;51630,12;53530,12;55430,12;57330,12;59230,12;49680,12;51980,12;54280,12;56580,12;58880,12;61180,12;49080,12;50780,12;52480,12;54180,12;55880,12;57580,12;51980,12;54880,12;57780,12;55368,14;56554,99;57741,84;58928,69;60115,54;61302,39;44380,12
113,00;47717,24;48317,24;48917,24;49517,24;57917,24;55880,00;58380,00;60880,00;46521,80;49221,80;51921,80;48167,24;50067,24;51967,24;53867,24;55767,24;57667,24;59567,24;50017,24;52317,24;54617,24;56917,24;59217,24;61517,24;49417,24;51117,24;52817,24;54517,24;56217,24;57917,24;52317,24;55217,24;58117,24;55764,19;56951,04;58137,89;59324,74;60511,59;61698,44;44717,24
114,00;48054,36;48654,36;49254,36;49854,36;58254,36;56260,00;58760,00;61260,00;46826,80;49526,80;52226,80;48504,36;50404,36;52304,36;54204,36;56104,36;58004,36;59904,36;50354,36;52654,36;54954,36;57254,36;59554,36;61854,36;49754,36;51454,36;53154,36;54854,36;56554,36;58254,36;52654,36;55554,36;58454,36;56160,24;57347,09;58533,94;59720,79;60907,64;62094,49;45054,36
115,00;48391,48;48991,48;49591,48;50191,48;58591,48;56640,00;59140,00;61640,00;47131,80;49831,80;52531,80;48841,48;50741,48;52641,48;54541,48;56441,48;58341,48;60241,48;50691,48;52991,48;55291,48;57591,48;59891,48;62191,48;50091,48;51791,48;53491,48;55191,48;56891,48;58591,48;52991,48;55891,48;58791,48;56556,28;57743,13;58929,98;60116,83;61303,68;62490,53;45391,48
116,00;48728,60;49328,60;49928,60;50528,60;58928,60;57020,00;59520,00;62020,00;47436,80;50136,80;52836,80;49178,60;51078,60;52978,60;54878,60;56778,60;58678,60;60578,60;51028,60;53328,60;55628,60;57928,60;60228,60;62528,60;50428,60;52128,60;53828,60;55528,60;57228,60;58928,60;53328,60;56228,60;59128,60;56952,33;58139,18;59326,03;60512,88;61699,73;62886,58;45728,60
117,00;49065,72;49665,72;50265,72;50865,72;59265,72;57400,00;59900,00;62400,00;47741,80;50441,80;53141,80;49515,72;51415,72;53315,72;55215,72;57115,72;59015,72;60915,72;51365,72;53665,72;55965,72;58265,72;60565,72;62865,72;50765,72;52465,72;54165,72;55865,72;57565,72;59265,72;53665,72;56565,72;59465,72;57348,38;58535,23;59722,08;60908,93;62095,78;63282,63;46065,72
118,00;49402,84;50002,84;50602,84;51202,84;59602,84;57780,00;60280,00;62780,00;48046,80;50746,80;53446,80;49852,84;51752,84;53652,84;55552,84;57452,84;59352,84;61252,84;51702,84;54002,84;56302,84;58602,84;60902,84;63202,84;51102,84;52802,84;54502,84;56202,84;57902,84;59602,84;54002,84;56902,84;59802,84;57744,43;58931,28;60118,13;61304,98;62491,83;63678,68;46402,84
119,00;49739,97;50339,97;50939,97;51539,97;59939,97;58160,00;60660,00;63160,00;48351,80;51051,80;53751,80;50189,97;52089,97;53989,97;55889,97;57789,97;59689,97;61589,97;52039,97;54339,97;56639,97;58939,97;61239,97;63539,97;51439,97;53139,97;54839,97;56539,97;58239,97;59939,97;54339,97;57239,97;60139,97;58140,48;59327,33;60514,18;61701,03;62887,88;64074,73;46739,97
120,00;50077,09;50677,09;51277,09;51877,09;60277,09;58540,00;61040,00;63540,00;48656,80;51356,80;54056,80;50527,09;52427,09;54327,09;56227,09;58127,09;60027,09;61927,09;52377,09;54677,09;56977,09;59277,09;61577,09;63877,09;51777,09;53477,09;55177,09;56877,09;58577,09;60277,09;54677,09;57577,09;60477,09;58536,53;59723,38;60910,23;62097,08;63283,93;64470,78;47077,09
121,00;50414,21;51014,21;51614,21;52214,21;60614,21;58920,00;61420,00;63920,00;48961,80;51661,80;54361,80;50864,21;52764,21;54664,21;56564,21;58464,21;60364,21;62264,21;52714,21;55014,21;57314,21;59614,21;61914,21;64214,21;52114,21;53814,21;55514,21;57214,21;58914,21;60614,21;55014,21;57914,21;60814,21;58932,58;60119,43;61306,28;62493,13;63679,98;64866,83;47414,21
122,00;50751,33;51351,33;51951,33;52551,33;60951,33;59300,00;61800,00;64300,00;49266,80;51966,80;54666,80;51201,33;53101,33;55001,33;56901,33;58801,33;60701,33;62601,33;53051,33;55351,33;57651,33;59951,33;62251,33;64551,33;52451,33;54151,33;55851,33;57551,33;59251,33;60951,33;55351,33;58251,33;61151,33;59328,62;60515,47;61702,32;62889,17;64076,02;65262,87;47751,33
123,00;51088,45;51688,45;52288,45;52888,45;61288,45;59680,00;62180,00;64680,00;49571,80;52271,80;54971,80;51538,45;53438,45;55338,45;57238,45;59138,45;61038,45;62938,45;53388,45;55688,45;57988,45;60288,45;62588,45;64888,45;52788,45;54488,45;56188,45;57888,45;59588,45;61288,45;55688,45;58588,45;61488,45;59724,67;60911,52;62098,37;63285,22;64472,07;65658,92;48088,45
124,00;51425,57;52025,57;52625,57;53225,57;61625,57;60060,00;62560,00;65060,00;49876,80;52576,80;55276,80;51875,57;53775,57;55675,57;57575,57;59475,57;61375,57;63275,57;53725,57;56025,57;58325,57;60625,57;62925,57;65225,57;53125,57;54825,57;56525,57;58225,57;59925,57;61625,57;56025,57;58925,57;61825,57;60120,72;61307,57;62494,42;63681,27;64868,12;66054,97;48425,57
125,00;51762,69;52362,69;52962,69;53562,69;61962,69;60440,00;62940,00;65440,00;50181,80;52881,80;55581,80;52212,69;54112,69;56012,69;57912,69;59812,69;61712,69;63612,69;54062,69;56362,69;58662,69;60962,69;63262,69;65562,69;53462,69;55162,69;56862,69;58562,69;60262,69;61962,69;56362,69;59262,69;62162,69;60516,77;61703,62;62890,47;64077,32;65264,17;66451,02;48762,69
126,00;52099,81;52699,81;53299,81;53899,81;62299,81;60820,00;63320,00;65820,00;50486,80;53186,80;55886,80;52549,81;54449,81;56349,81;58249,81;60149,81;62049,81;63949,81;54399,81;56699,81;58999,81;61299,81;63599,81;65899,81;53799,81;55499,81;57199,81;58899,81;60599,81;62299,81;56699,81;59599,81;62499,81;60912,82;62099,67;63286,52;64473,37;65660,22;66847,07;49099,81
127,00;52436,93;53036,93;53636,93;54236,93;62636,93;61200,00;63700,00;66200,00;50791,80;53491,80;56191,80;52886,93;54786,93;56686,93;58586,93;60486,93;62386,93;64286,93;54736,93;57036,93;59336,93;61636,93;63936,93;66236,93;54136,93;55836,93;57536,93;59236,93;60936,93;62636,93;57036,93;59936,93;62836,93;61308,87;62495,72;63682,57;64869,42;66056,27;67243,12;49436,93
128,00;52774,06;53374,06;53974,06;54574,06;62974,06;61580,00;64080,00;66580,00;51096,80;53796,80;56496,80;53224,06;55124,06;57024,06;58924,06;60824,06;62724,06;64624,06;55074,06;57374,06;59674,06;61974,06;64274,06;66574,06;54474,06;56174,06;57874,06;59574,06;61274,06;62974,06;57374,06;60274,06;63174,06;61704,92;62891,77;64078,62;65265,47;66452,32;67639,17;49774,06
129,00;53111,18;53711,18;54311,18;54911,18;63311,18;61960,00;64460,00;66960,00;51401,80;54101,80;56801,80;53561,18;55461,18;57361,18;59261,18;61161,18;63061,18;64961,18;55411,18;57711,18;60011,18;62311,18;64611,18;66911,18;54811,18;56511,18;58211,18;59911,18;61611,18;63311,18;57711,18;60611,18;63511,18;62100,96;63287,81;64474,66;65661,51;66848,36;68035,21;50111,18
130,00;53448,30;54048,30;54648,30;55248,30;63648,30;62340,00;64840,00;67340,00;51706,80;54406,80;57106,80;53898,30;55798,30;57698,30;59598,30;61498,30;63398,30;65298,30;55748,30;58048,30;60348,30;62648,30;64948,30;67248,30;55148,30;56848,30;58548,30;60248,30;61948,30;63648,30;58048,30;60948,30;63848,30;62497,01;63683,86;64870,71;66057,56;67244,41;68431,26;50448,30
131,00;53785,42;54385,42;54985,42;55585,42;63985,42;62720,00;65220,00;67720,00;52011,80;54711,80;57411,80;54235,42;56135,42;58035,42;59935,42;61835,42;63735,42;65635,42;56085,42;58385,42;60685,42;62985,42;65285,42;67585,42;55485,42;57185,42;58885,42;60585,42;62285,42;63985,42;58385,42;61285,42;64185,42;62893,06;64079,91;65266,76;66453,61;67640,46;68827,31;50785,42
132,00;54122,54;54722,54;55322,54;55922,54;64322,54;63100,00;65600,00;68100,00;52316,80;55016,80;57716,80;54572,54;56472,54;58372,54;60272,54;62172,54;64072,54;65972,54;56422,54;58722,54;61022,54;63322,54;65622,54;67922,54;55822,54;57522,54;59222,54;60922,54;62622,54;64322,54;58722,54;61622,54;64522,54;63289,11;64475,96;65662,81;66849,66;68036,51;69223,36;51122,54
133,00;54459,66;55059,66;55659,66;56259,66;64659,66;63480,00;65980,00;68480,00;52621,80;55321,80;58021,80;54909,66;56809,66;58709,66;60609,66;62509,66;64409,66;66309,66;56759,66;59059,66;61359,66;63659,66;65959,66;68259,66;56159,66;57859,66;59559,66;61259,66;62959,66;64659,66;59059,66;61959,66;64859,66;63685,16;64872,01;66058,86;67245,71;68432,56;69619,41;51459,66
134,00;54796,78;55396,78;55996,78;56596,78;64996,78;63860,00;66360,00;68860,00;52926,80;55626,80;58326,80;55246,78;57146,78;59046,78;60946,78;62846,78;64746,78;66646,78;57096,78;59396,78;61696,78;63996,78;66296,78;68596,78;56496,78;58196,78;59896,78;61596,78;63296,78;64996,78;59396,78;62296,78;65196,78;64081,21;65268,06;66454,91;67641,76;68828,61;70015,46;51796,78
135,00;55133,90;55733,90;56333,90;56933,90;65333,90;64240,00;66740,00;69240,00;53231,80;55931,80;58631,80;55583,90;57483,90;59383,90;61283,90;63183,90;65083,90;66983,90;57433,90;59733,90;62033,90;64333,90;66633,90;68933,90;56833,90;58533,90;60233,90;61933,90;63633,90;65333,90;59733,90;62633,90;65533,90;64477,25;65664,10;66850,95;68037,80;69224,65;70411,50;52133,90
136,00;55471,02;56071,02;56671,02;57271,02;65671,02;64620,00;67120,00;69620,00;53536,80;56236,80;58936,80;55921,02;57821,02;59721,02;61621,02;63521,02;65421,02;67321,02;57771,02;60071,02;62371,02;64671,02;66971,02;69271,02;57171,02;58871,02;60571,02;62271,02;63971,02;65671,02;60071,02;62971,02;65871,02;64873,30;66060,15;67247,00;68433,85;69620,70;70807,55;52471,02
137,00;55808,15;56408,15;57008,15;57608,15;66008,15;65000,00;67500,00;70000,00;53841,80;56541,80;59241,80;56258,15;58158,15;60058,15;61958,15;63858,15;65758,15;67658,15;58108,15;60408,15;62708,15;65008,15;67308,15;69608,15;57508,15;59208,15;60908,15;62608,15;64308,15;66008,15;60408,15;63308,15;66208,15;65269,35;66456,20;67643,05;68829,90;70016,75;71203,60;52808,15
138,00;56145,27;56745,27;57345,27;57945,27;66345,27;65380,00;67880,00;70380,00;54146,80;56846,80;59546,80;56595,27;58495,27;60395,27;62295,27;64195,27;66095,27;67995,27;58445,27;60745,27;63045,27;65345,27;67645,27;69945,27;57845,27;59545,27;61245,27;62945,27;64645,27;66345,27;60745,27;63645,27;66545,27;65665,40;66852,25;68039,10;69225,95;70412,80;71599,65;53145,27
139,00;56482,39;57082,39;57682,39;58282,39;66682,39;65760,00;68260,00;70760,00;54451,80;57151,80;59851,80;56932,39;58832,39;60732,39;62632,39;64532,39;66432,39;68332,39;58782,39;61082,39;63382,39;65682,39;67982,39;70282,39;58182,39;59882,39;61582,39;63282,39;64982,39;66682,39;61082,39;63982,39;66882,39;66061,45;67248,30;68435,15;69622,00;70808,85;71995,70;53482,39
140,00;56819,51;57419,51;58019,51;58619,51;67019,51;66140,00;68640,00;71140,00;54756,80;57456,80;60156,80;57269,51;59169,51;61069,51;62969,51;64869,51;66769,51;68669,51;59119,51;61419,51;63719,51;66019,51;68319,51;70619,51;58519,51;60219,51;61919,51;63619,51;65319,51;67019,51;61419,51;64319,51;67219,51;66457,50;67644,35;68831,20;70018,05;71204,90;72391,75;53819,51
141,00;57156,63;57756,63;58356,63;58956,63;67356,63;66520,00;69020,00;71520,00;55061,80;57761,80;60461,80;57606,63;59506,63;61406,63;63306,63;65206,63;67106,63;69006,63;59456,63;61756,63;64056,63;66356,63;68656,63;70956,63;58856,63;60556,63;62256,63;63956,63;65656,63;67356,63;61756,63;64656,63;67556,63;66853,55;68040,40;69227,25;70414,10;71600,95;72787,80;54156,63
142,00;57493,75;58093,75;58693,75;59293,75;67693,75;66900,00;69400,00;71900,00;55366,80;58066,80;60766,80;57943,75;59843,75;61743,75;63643,75;65543,75;67443,75;69343,75;59793,75;62093,75;64393,75;66693,75;68993,75;71293,75;59193,75;60893,75;62593,75;64293,75;65993,75;67693,75;62093,75;64993,75;67893,75;67249,59;68436,44;69623,29;70810,14;71996,99;73183,84;54493,75
143,00;57830,87;58430,87;59030,87;59630,87;68030,87;67280,00;69780,00;72280,00;55671,80;58371,80;61071,80;58280,87;60180,87;62080,87;63980,87;65880,87;67780,87;69680,87;60130,87;62430,87;64730,87;67030,87;69330,87;71630,87;59530,87;61230,87;62930,87;64630,87;66330,87;68030,87;62430,87;65330,87;68230,87;67645,64;68832,49;70019,34;71206,19;72393,04;73579,89;54830,87
144,00;58167,99;58767,99;59367,99;59967,99;68367,99;67660,00;70160,00;72660,00;55976,80;58676,80;61376,80;58617,99;60517,99;62417,99;64317,99;66217,99;68117,99;70017,99;60467,99;62767,99;65067,99;67367,99;69667,99;71967,99;59867,99;61567,99;63267,99;64967,99;66667,99;68367,99;62767,99;65667,99;68567,99;68041,69;69228,54;70415,39;71602,24;72789,09;73975,94;55167,99
145,00;58505,11;59105,11;59705,11;60305,11;68705,11;68040,00;70540,00;73040,00;56281,80;58981,80;61681,80;58955,11;60855,11;62755,11;64655,11;66555,11;68455,11;70355,11;60805,11;63105,11;65405,11;67705,11;70005,11;72305,11;60205,11;61905,11;63605,11;65305,11;67005,11;68705,11;63105,11;66005,11;68905,11;68437,74;69624,59;70811,44;71998,29;73185,14;74371,99;55505,11
146,00;58842,24;59442,24;60042,24;60642,24;69042,24;68420,00;70920,00;73420,00;56586,80;59286,80;61986,80;59292,24;61192,24;63092,24;64992,24;66892,24;68792,24;70692,24;61142,24;63442,24;65742,24;68042,24;70342,24;72642,24;60542,24;62242,24;63942,24;65642,24;67342,24;69042,24;63442,24;66342,24;69242,24;68833,79;70020,64;71207,49;72394,34;73581,19;74768,04;55842,24
147,00;59179,36;59779,36;60379,36;60979,36;69379,36;68800,00;71300,00;73800,00;56891,80;59591,80;62291,80;59629,36;61529,36;63429,36;65329,36;67229,36;69129,36;71029,36;61479,36;63779,36;66079,36;68379,36;70679,36;72979,36;60879,36;62579,36;64279,36;65979,36;67679,36;69379,36;63779,36;66679,36;69579,36;69229,84;70416,69;71603,54;72790,39;73977,24;75164,09;56179,36
148,00;59516,48;60116,48;60716,48;61316,48;69716,48;69180,00;71680,00;74180,00;57196,80;59896,80;62596,80;59966,48;61866,48;63766,48;65666,48;67566,48;69466,48;71366,48;61816,48;64116,48;66416,48;68716,48;71016,48;73316,48;61216,48;62916,48;64616,48;66316,48;68016,48;69716,48;64116,48;67016,48;69916,48;69625,88;70812,73;71999,58;73186,43;74373,28;75560,13;56516,48
149,00;59853,60;60453,60;61053,60;61653,60;70053,60;69560,00;72060,00;74560,00;57501,80;60201,80;62901,80;60303,60;62203,60;64103,60;66003,60;67903,60;69803,60;71703,60;62153,60;64453,60;66753,60;69053,60;71353,60;73653,60;61553,60;63253,60;64953,60;66653,60;68353,60;70053,60;64453,60;67353,60;70253,60;70021,93;71208,78;72395,63;73582,48;74769,33;75956,18;56853,60
150,00;60190,72;60790,72;61390,72;61990,72;70390,72;69940,00;72440,00;74940,00;57806,80;60506,80;63206,80;60640,72;62540,72;64440,72;66340,72;68240,72;70140,72;72040,72;62490,72;64790,72;67090,72;69390,72;71690,72;73990,72;61890,72;63590,72;65290,72;66990,72;68690,72;70390,72;64790,72;67690,72;70590,72;70417,98;71604,83;72791,68;73978,53;75165,38;76352,23;57190,72
151,00;60527,84;61127,84;61727,84;62327,84;70727,84;70320,00;72820,00;75320,00;58111,80;60811,80;63511,80;60977,84;62877,84;64777,84;66677,84;68577,84;70477,84;72377,84;62827,84;65127,84;67427,84;69727,84;72027,84;74327,84;62227,84;63927,84;65627,84;67327,84;69027,84;70727,84;65127,84;68027,84;70927,84;70814,03;72000,88;73187,73;74374,58;75561,43;76748,28;57527,84
152,00;60864,96;61464,96;62064,96;62664,96;71064,96;70700,00;73200,00;75700,00;58416,80;61116,80;63816,80;61314,96;63214,96;65114,96;67014,96;68914,96;70814,96;72714,96;63164,96;65464,96;67764,96;70064,96;72364,96;74664,96;62564,96;64264,96;65964,96;67664,96;69364,96;71064,96;65464,96;68364,96;71264,96;71210,08;72396,93;73583,78;74770,63;75957,48;77144,33;57864,96
153,00;61202,08;61802,08;62402,08;63002,08;71402,08;71080,00;73580,00;76080,00;58721,80;61421,80;64121,80;61652,08;63552,08;65452,08;67352,08;69252,08;71152,08;73052,08;63502,08;65802,08;68102,08;70402,08;72702,08;75002,08;62902,08;64602,08;66302,08;68002,08;69702,08;71402,08;65802,08;68702,08;71602,08;71606,13;72792,98;73979,83;75166,68;76353,53;77540,38;58202,08
154,00;61539,20;62139,20;62739,20;63339,20;71739,20;71460,00;73960,00;76460,00;59026,80;61726,80;64426,80;61989,20;63889,20;65789,20;67689,20;69589,20;71489,20;73389,20;63839,20;66139,20;68439,20;70739,20;73039,20;75339,20;63239,20;64939,20;66639,20;68339,20;70039,20;71739,20;66139,20;69039,20;71939,20;72002,18;73189,03;74375,88;75562,73;76749,58;77936,43;58539,20
155,00;61876,33;62476,33;63076,33;63676,33;72076,33;71840,00;74340,00;76840,00;59331,80;62031,80;64731,80;62326,33;64226,33;66126,33;68026,33;69926,33;71826,33;73726,33;64176,33;66476,33;68776,33;71076,33;73376,33;75676,33;63576,33;65276,33;66976,33;68676,33;70376,33;72076,33;66476,33;69376,33;72276,33;72398,22;73585,07;74771,92;75958,77;77145,62;78332,47;58876,33
156,00;62213,45;62813,45;63413,45;64013,45;72413,45;72220,00;74720,00;77220,00;59636,80;62336,80;65036,80;62663,45;64563,45;66463,45;68363,45;70263,45;72163,45;74063,45;64513,45;66813,45;69113,45;71413,45;73713,45;76013,45;63913,45;65613,45;67313,45;69013,45;70713,45;72413,45;66813,45;69713,45;72613,45;72794,27;73981,12;75167,97;76354,82;77541,67;78728,52;59213,45
157,00;62550,57;63150,57;63750,57;64350,57;72750,57;72600,00;75100,00;77600,00;59941,80;62641,80;65341,80;63000,57;64900,57;66800,57;68700,57;70600,57;72500,57;74400,57;64850,57;67150,57;69450,57;71750,57;74050,57;76350,57;64250,57;65950,57;67650,57;69350,57;71050,57;72750,57;67150,57;70050,57;72950,57;73190,32;74377,17;75564,02;76750,87;77937,72;79124,57;59550,57
158,00;62887,69;63487,69;64087,69;64687,69;73087,69;72980,00;75480,00;77980,00;60246,80;62946,80;65646,80;63337,69;65237,69;67137,69;69037,69;70937,69;72837,69;74737,69;65187,69;67487,69;69787,69;72087,69;74387,69;76687,69;64587,69;66287,69;67987,69;69687,69;71387,69;73087,69;67487,69;70387,69;73287,69;73586,37;74773,22;75960,07;77146,92;78333,77;79520,62;59887,69
159,00;63224,81;63824,81;64424,81;65024,81;73424,81;73360,00;75860,00;78360,00;60551,80;63251,80;65951,80;63674,81;65574,81;67474,81;69374,81;71274,81;73174,81;75074,81;65524,81;67824,81;70124,81;72424,81;74724,81;77024,81;64924,81;66624,81;68324,81;70024,81;71724,81;73424,81;67824,81;70724,81;73624,81;73982,42;75169,27;76356,12;77542,97;78729,82;79916,67;60224,81
160,00;63561,93;64161,93;64761,93;65361,93;73761,93;73740,00;76240,00;78740,00;60856,80;63556,80;66256,80;64011,93;65911,93;67811,93;69711,93;71611,93;73511,93;75411,93;65861,93;68161,93;70461,93;72761,93;75061,93;77361,93;65261,93;66961,93;68661,93;70361,93;72061,93;73761,93;68161,93;71061,93;73961,93;74378,47;75565,32;76752,17;77939,02;79125,87;80312,72;60561,93
161,00;63899,05;64499,05;65099,05;65699,05;74099,05;74120,00;76620,00;79120,00;61161,80;63861,80;66561,80;64349,05;66249,05;68149,05;70049,05;71949,05;73849,05;75749,05;66199,05;68499,05;70799,05;73099,05;75399,05;77699,05;65599,05;67299,05;68999,05;70699,05;72399,05;74099,05;68499,05;71399,05;74299,05;74774,52;75961,37;77148,22;78335,07;79521,92;80708,77;60899,05
162,00;64236,17;64836,17;65436,17;66036,17;74436,17;74500,00;77000,00;79500,00;61466,80;64166,80;66866,80;64686,17;66586,17;68486,17;70386,17;72286,17;74186,17;76086,17;66536,17;68836,17;71136,17;73436,17;75736,17;78036,17;65936,17;67636,17;69336,17;71036,17;72736,17;74436,17;68836,17;71736,17;74636,17;75170,56;76357,41;77544,26;78731,11;79917,96;81104,81;61236,17
163,00;64573,29;65173,29;65773,29;66373,29;74773,29;74880,00;77380,00;79880,00;61771,80;64471,80;67171,80;65023,29;66923,29;68823,29;70723,29;72623,29;74523,29;76423,29;66873,29;69173,29;71473,29;73773,29;76073,29;78373,29;66273,29;67973,29;69673,29;71373,29;73073,29;74773,29;69173,29;72073,29;74973,29;75566,61;76753,46;77940,31;79127,16;80314,01;81500,86;61573,29
164,00;64910,42;65510,42;66110,42;66710,42;75110,42;75260,00;77760,00;80260,00;62076,80;64776,80;67476,80;65360,42;67260,42;69160,42;71060,42;72960,42;74860,42;76760,42;67210,42;69510,42;71810,42;74110,42;76410,42;78710,42;66610,42;68310,42;70010,42;71710,42;73410,42;75110,42;69510,42;72410,42;75310,42;75962,66;77149,51;78336,36;79523,21;80710,06;81896,91;61910,42
165,00;65247,54;65847,54;66447,54;67047,54;75447,54;75640,00;78140,00;80640,00;62381,80;65081,80;67781,80;65697,54;67597,54;69497,54;71397,54;73297,54;75197,54;77097,54;67547,54;69847,54;72147,54;74447,54;76747,54;79047,54;66947,54;68647,54;70347,54;72047,54;73747,54;75447,54;69847,54;72747,54;75647,54;76358,71;77545,56;78732,41;79919,26;81106,11;82292,96;62247,54
166,00;65584,66;66184,66;66784,66;67384,66;75784,66;76020,00;78520,00;81020,00;62686,80;65386,80;68086,80;66034,66;67934,66;69834,66;71734,66;73634,66;75534,66;77434,66;67884,66;70184,66;72484,66;74784,66;77084,66;79384,66;67284,66;68984,66;70684,66;72384,66;74084,66;75784,66;70184,66;73084,66;75984,66;76754,76;77941,61;79128,46;80315,31;81502,16;82689,01;62584,66
167,00;65921,78;66521,78;67121,78;67721,78;76121,78;76400,00;78900,00;81400,00;62991,80;65691,80;68391,80;66371,78;68271,78;70171,78;72071,78;73971,78;75871,78;77771,78;68221,78;70521,78;72821,78;75121,78;77421,78;79721,78;67621,78;69321,78;71021,78;72721,78;74421,78;76121,78;70521,78;73421,78;76321,78;77150,81;78337,66;79524,51;80711,36;81898,21;83085,06;62921,78
168,00;66258,90;66858,90;67458,90;68058,90;76458,90;76780,00;79280,00;81780,00;63296,80;65996,80;68696,80;66708,90;68608,90;70508,90;72408,90;74308,90;76208,90;78108,90;68558,90;70858,90;73158,90;75458,90;77758,90;80058,90;67958,90;69658,90;71358,90;73058,90;74758,90;76458,90;70858,90;73758,90;76658,90;77546,85;78733,70;79920,55;81107,40;82294,25;83481,10;63258,90
169,00;66596,02;67196,02;67796,02;68396,02;76796,02;77160,00;79660,00;82160,00;63601,80;66301,80;69001,80;67046,02;68946,02;70846,02;72746,02;74646,02;76546,02;78446,02;68896,02;71196,02;73496,02;75796,02;78096,02;80396,02;68296,02;69996,02;71696,02;73396,02;75096,02;76796,02;71196,02;74096,02;76996,02;77942,90;79129,75;80316,60;81503,45;82690,30;83877,15;63596,02
170,00;66933,14;67533,14;68133,14;68733,14;77133,14;77540,00;80040,00;82540,00;63906,80;66606,80;69306,80;67383,14;69283,14;71183,14;73083,14;74983,14;76883,14;78783,14;69233,14;71533,14;73833,14;76133,14;78433,14;80733,14;68633,14;70333,14;72033,14;73733,14;75433,14;77133,14;71533,14;74433,14;77333,14;78338,95;79525,80;80712,65;81899,50;83086,35;84273,20;63933,14
171,00;67270,26;67870,26;68470,26;69070,26;77470,26;77920,00;80420,00;82920,00;64211,80;66911,80;69611,80;67720,26;69620,26;71520,26;73420,26;75320,26;77220,26;79120,26;69570,26;71870,26;74170,26;76470,26;78770,26;81070,26;68970,26;70670,26;72370,26;74070,26;75770,26;77470,26;71870,26;74770,26;77670,26;78735,00;79921,85;81108,70;82295,55;83482,40;84669,25;64270,26
172,00;67607,38;68207,38;68807,38;69407,38;77807,38;78300,00;80800,00;83300,00;64516,80;67216,80;69916,80;68057,38;69957,38;71857,38;73757,38;75657,38;77557,38;79457,38;69907,38;72207,38;74507,38;76807,38;79107,38;81407,38;69307,38;71007,38;72707,38;74407,38;76107,38;77807,38;72207,38;75107,38;78007,38;79131,05;80317,90;81504,75;82691,60;83878,45;85065,30;64607,38
173,00;67944,50;68544,50;69144,50;69744,50;78144,50;78680,00;81180,00;83680,00;64821,80;67521,80;70221,80;68394,50;70294,50;72194,50;74094,50;75994,50;77894,50;79794,50;70244,50;72544,50;74844,50;77144,50;79444,50;81744,50;69644,50;71344,50;73044,50;74744,50;76444,50;78144,50;72544,50;75444,50;78344,50;79527,10;80713,95;81900,80;83087,65;84274,50;85461,35;64944,50
174,00;68281,63;68881,63;69481,63;70081,63;78481,63;79060,00;81560,00;84060,00;65126,80;67826,80;70526,80;68731,63;70631,63;72531,63;74431,63;76331,63;78231,63;80131,63;70581,63;72881,63;75181,63;77481,63;79781,63;82081,63;69981,63;71681,63;73381,63;75081,63;76781,63;78481,63;72881,63;75781,63;78681,63;79923,15;81110,00;82296,85;83483,70;84670,55;85857,40;65281,63
175,00;68618,75;69218,75;69818,75;70418,75;78818,75;79440,00;81940,00;84440,00;65431,80;68131,80;70831,80;69068,75;70968,75;72868,75;74768,75;76668,75;78568,75;80468,75;70918,75;73218,75;75518,75;77818,75;80118,75;82418,75;70318,75;72018,75;73718,75;75418,75;77118,75;78818,75;73218,75;76118,75;79018,75;80319,19;81506,04;82692,89;83879,74;85066,59;86253,44;65618,75
176,00;68955,87;69555,87;70155,87;70755,87;79155,87;79820,00;82320,00;84820,00;65736,80;68436,80;71136,80;69405,87;71305,87;73205,87;75105,87;77005,87;78905,87;80805,87;71255,87;73555,87;75855,87;78155,87;80455,87;82755,87;70655,87;72355,87;74055,87;75755,87;77455,87;79155,87;73555,87;76455,87;79355,87;80715,24;81902,09;83088,94;84275,79;85462,64;86649,49;65955,87
177,00;69292,99;69892,99;70492,99;71092,99;79492,99;80200,00;82700,00;85200,00;66041,80;68741,80;71441,80;69742,99;71642,99;73542,99;75442,99;77342,99;79242,99;81142,99;71592,99;73892,99;76192,99;78492,99;80792,99;83092,99;70992,99;72692,99;74392,99;76092,99;77792,99;79492,99;73892,99;76792,99;79692,99;81111,29;82298,14;83484,99;84671,84;85858,69;87045,54;66292,99
178,00;69630,11;70230,11;70830,11;71430,11;79830,11;80580,00;83080,00;85580,00;66346,80;69046,80;71746,80;70080,11;71980,11;73880,11;75780,11;77680,11;79580,11;81480,11;71930,11;74230,11;76530,11;78830,11;81130,11;83430,11;71330,11;73030,11;74730,11;76430,11;78130,11;79830,11;74230,11;77130,11;80030,11;81507,34;82694,19;83881,04;85067,89;86254,74;87441,59;66630,11
179,00;69967,23;70567,23;71167,23;71767,23;80167,23;80960,00;83460,00;85960,00;66651,80;69351,80;72051,80;70417,23;72317,23;74217,23;76117,23;78017,23;79917,23;81817,23;72267,23;74567,23;76867,23;79167,23;81467,23;83767,23;71667,23;73367,23;75067,23;76767,23;78467,23;80167,23;74567,23;77467,23;80367,23;81903,39;83090,24;84277,09;85463,94;86650,79;87837,64;66967,23
180,00;70304,35;70904,35;71504,35;72104,35;80504,35;81340,00;83840,00;86340,00;66956,80;69656,80;72356,80;70754,35;72654,35;74554,35;76454,35;78354,35;80254,35;82154,35;72604,35;74904,35;77204,35;79504,35;81804,35;84104,35;72004,35;73704,35;75404,35;77104,35;78804,35;80504,35;74904,35;77804,35;80704,35;82299,44;83486,29;84673,14;85859,99;87046,84;88233,69;67304,35
181,00;70641,47;71241,47;71841,47;72441,47;80841,47;81720,00;84220,00;86720,00;67261,80;69961,80;72661,80;71091,47;72991,47;74891,47;76791,47;78691,47;80591,47;82491,47;72941,47;75241,47;77541,47;79841,47;82141,47;84441,47;72341,47;74041,47;75741,47;77441,47;79141,47;80841,47;75241,47;78141,47;81041,47;82695,48;83882,33;85069,18;86256,03;87442,88;88629,73;67641,47
182,00;70978,59;71578,59;72178,59;72778,59;81178,59;82100,00;84600,00;87100,00;67566,80;70266,80;72966,80;71428,59;73328,59;75228,59;77128,59;79028,59;80928,59;82828,59;73278,59;75578,59;77878,59;80178,59;82478,59;84778,59;72678,59;74378,59;76078,59;77778,59;79478,59;81178,59;75578,59;78478,59;81378,59;83091,53;84278,38;85465,23;86652,08;87838,93;89025,78;67978,59
183,00;71315,72;71915,72;72515,72;73115,72;81515,72;82480,00;84980,00;87480,00;67871,80;70571,80;73271,80;71765,72;73665,72;75565,72;77465,72;79365,72;81265,72;83165,72;73615,72;75915,72;78215,72;80515,72;82815,72;85115,72;73015,72;74715,72;76415,72;78115,72;79815,72;81515,72;75915,72;78815,72;81715,72;83487,58;84674,43;85861,28;87048,13;88234,98;89421,83;68315,72
184,00;71652,84;72252,84;72852,84;73452,84;81852,84;82860,00;85360,00;87860,00;68176,80;70876,80;73576,80;72102,84;74002,84;75902,84;77802,84;79702,84;81602,84;83502,84;73952,84;76252,84;78552,84;80852,84;83152,84;85452,84;73352,84;75052,84;76752,84;78452,84;80152,84;81852,84;76252,84;79152,84;82052,84;83883,63;85070,48;86257,33;87444,18;88631,03;89817,88;68652,84
185,00;71989,96;72589,96;73189,96;73789,96;82189,96;83240,00;85740,00;88240,00;68481,80;71181,80;73881,80;72439,96;74339,96;76239,96;78139,96;80039,96;81939,96;83839,96;74289,96;76589,96;78889,96;81189,96;83489,96;85789,96;73689,96;75389,96;77089,96;78789,96;80489,96;82189,96;76589,96;79489,96;82389,96;84279,68;85466,53;86653,38;87840,23;89027,08;90213,93;68989,96
186,00;72327,08;72927,08;73527,08;74127,08;82527,08;83620,00;86120,00;88620,00;68786,80;71486,80;74186,80;72777,08;74677,08;76577,08;78477,08;80377,08;82277,08;84177,08;74627,08;76927,08;79227,08;81527,08;83827,08;86127,08;74027,08;75727,08;77427,08;79127,08;80827,08;82527,08;76927,08;79827,08;82727,08;84675,73;85862,58;87049,43;88236,28;89423,13;90609,98;69327,08
187,00;72664,20;73264,20;73864,20;74464,20;82864,20;84000,00;86500,00;89000,00;69091,80;71791,80;74491,80;73114,20;75014,20;76914,20;78814,20;80714,20;82614,20;84514,20;74964,20;77264,20;79564,20;81864,20;84164,20;86464,20;74364,20;76064,20;77764,20;79464,20;81164,20;82864,20;77264,20;80164,20;83064,20;85071,78;86258,63;87445,48;88632,33;89819,18;91006,03;69664,20
188,00;73001,32;73601,32;74201,32;74801,32;83201,32;84380,00;86880,00;89380,00;69396,80;72096,80;74796,80;73451,32;75351,32;77251,32;79151,32;81051,32;82951,32;84851,32;75301,32;77601,32;79901,32;82201,32;84501,32;86801,32;74701,32;76401,32;78101,32;79801,32;81501,32;83201,32;77601,32;80501,32;83401,32;85467,82;86654,67;87841,52;89028,37;90215,22;91402,07;70001,32
189,00;73338,44;73938,44;74538,44;75138,44;83538,44;84760,00;87260,00;89760,00;69701,80;72401,80;75101,80;73788,44;75688,44;77588,44;79488,44;81388,44;83288,44;85188,44;75638,44;77938,44;80238,44;82538,44;84838,44;87138,44;75038,44;76738,44;78438,44;80138,44;81838,44;83538,44;77938,44;80838,44;83738,44;85863,87;87050,72;88237,57;89424,42;90611,27;91798,12;70338,44
190,00;73675,56;74275,56;74875,56;75475,56;83875,56;85140,00;87640,00;90140,00;70006,80;72706,80;75406,80;74125,56;76025,56;77925,56;79825,56;81725,56;83625,56;85525,56;75975,56;78275,56;80575,56;82875,56;85175,56;87475,56;75375,56;77075,56;78775,56;80475,56;82175,56;83875,56;78275,56;81175,56;84075,56;86259,92;87446,77;88633,62;89820,47;91007,32;92194,17;70675,56
191,00;74012,68;74612,68;75212,68;75812,68;84212,68;85520,00;88020,00;90520,00;70311,80;73011,80;75711,80;74462,68;76362,68;78262,68;80162,68;82062,68;83962,68;85862,68;76312,68;78612,68;80912,68;83212,68;85512,68;87812,68;75712,68;77412,68;79112,68;80812,68;82512,68;84212,68;78612,68;81512,68;84412,68;86655,97;87842,82;89029,67;90216,52;91403,37;92590,22;71012,68
192,00;74349,81;74949,81;75549,81;76149,81;84549,81;85900,00;88400,00;90900,00;70616,80;73316,80;76016,80;74799,81;76699,81;78599,81;80499,81;82399,81;84299,81;86199,81;76649,81;78949,81;81249,81;83549,81;85849,81;88149,81;76049,81;77749,81;79449,81;81149,81;82849,81;84549,81;78949,81;81849,81;84749,81;87052,02;88238,87;89425,72;90612,57;91799,42;92986,27;71349,81
193,00;74686,93;75286,93;75886,93;76486,93;84886,93;86280,00;88780,00;91280,00;70921,80;73621,80;76321,80;75136,93;77036,93;78936,93;80836,93;82736,93;84636,93;86536,93;76986,93;79286,93;81586,93;83886,93;86186,93;88486,93;76386,93;78086,93;79786,93;81486,93;83186,93;84886,93;79286,93;82186,93;85086,93;87448,07;88634,92;89821,77;91008,62;92195,47;93382,32;71686,93
194,00;75024,05;75624,05;76224,05;76824,05;85224,05;86660,00;89160,00;91660,00;71226,80;73926,80;76626,80;75474,05;77374,05;79274,05;81174,05;83074,05;84974,05;86874,05;77324,05;79624,05;81924,05;84224,05;86524,05;88824,05;76724,05;78424,05;80124,05;81824,05;83524,05;85224,05;79624,05;82524,05;85424,05;87844,12;89030,97;90217,82;91404,67;92591,52;93778,37;72024,05
195,00;75361,17;75961,17;76561,17;77161,17;85561,17;87040,00;89540,00;92040,00;71531,80;74231,80;76931,80;75811,17;77711,17;79611,17;81511,17;83411,17;85311,17;87211,17;77661,17;79961,17;82261,17;84561,17;86861,17;89161,17;77061,17;78761,17;80461,17;82161,17;83861,17;85561,17;79961,17;82861,17;85761,17;88240,16;89427,01;90613,86;91800,71;92987,56;94174,41;72361,17
196,00;75698,29;76298,29;76898,29;77498,29;85898,29;87420,00;89920,00;92420,00;71836,80;74536,80;77236,80;76148,29;78048,29;79948,29;81848,29;83748,29;85648,29;87548,29;77998,29;80298,29;82598,29;84898,29;87198,29;89498,29;77398,29;79098,29;80798,29;82498,29;84198,29;85898,29;80298,29;83198,29;86098,29;88636,21;89823,06;91009,91;92196,76;93383,61;94570,46;72698,29
197,00;76035,41;76635,41;77235,41;77835,41;86235,41;87800,00;90300,00;92800,00;72141,80;74841,80;77541,80;76485,41;78385,41;80285,41;82185,41;84085,41;85985,41;87885,41;78335,41;80635,41;82935,41;85235,41;87535,41;89835,41;77735,41;79435,41;81135,41;82835,41;84535,41;86235,41;80635,41;83535,41;86435,41;89032,26;90219,11;91405,96;92592,81;93779,66;94966,51;73035,41
198,00;76372,53;76972,53;77572,53;78172,53;86572,53;88180,00;90680,00;93180,00;72446,80;75146,80;77846,80;76822,53;78722,53;80622,53;82522,53;84422,53;86322,53;88222,53;78672,53;80972,53;83272,53;85572,53;87872,53;90172,53;78072,53;79772,53;81472,53;83172,53;84872,53;86572,53;80972,53;83872,53;86772,53;89428,31;90615,16;91802,01;92988,86;94175,71;95362,56;73372,53
199,00;76709,65;77309,65;77909,65;78509,65;86909,65;88560,00;91060,00;93560,00;72751,80;75451,80;78151,80;77159,65;79059,65;80959,65;82859,65;84759,65;86659,65;88559,65;79009,65;81309,65;83609,65;85909,65;88209,65;90509,65;78409,65;80109,65;81809,65;83509,65;85209,65;86909,65;81309,65;84209,65;87109,65;89824,36;91011,21;92198,06;93384,91;94571,76;95758,61;73709,65
200,00;77046,77;77646,77;78246,77;78846,77;87246,77;88940,00;91440,00;93940,00;73056,80;75756,80;78456,80;77496,77;79396,77;81296,77;83196,77;85096,77;86996,77;88896,77;79346,77;81646,77;83946,77;86246,77;88546,77;90846,77;78746,77;80446,77;82146,77;83846,77;85546,77;87246,77;81646,77;84546,77;87446,77;90220,41;91407,26;92594,11;93780,96;94967,81;96154,66;74046,77
